{"is_source_file": true, "format": "md", "description": ".md file: README.md", "external_files": [], "external_methods": [], "published": [], "classes": [], "methods": [], "calls": [], "search-terms": ["README.md", "md"], "state": 2, "filename": "README.md", "format-version": 4, "code-base-name": "https://github.com/kavia-common/openarticle-viewer-6411-6421.git:kavia-main", "knowledge_revision": 3, "git_revision": "acdd809201475a891af3ef8624b0a71f45a2e10f", "revision_history": [{"3": "acdd809201475a891af3ef8624b0a71f45a2e10f"}]}